MESH2_ID,MEAN
362257,0.526732
362306,0.144004
362327,0.390191
362335,0.190864
362336,0.298311
362337,0.362694
362345,0.40871
362346,0.358856
362347,0.333143
362350,0.459449
362356,0.476698
362420,0.40376
362430,0.585862
362431,0.195768
362440,0.438462
362441,0.275993
362442,0.179818
362450,0.494281
362451,0.394116
362452,0.418184
362461,0.463942
362462,0.33398
362472,0.297727
362475,0.0545441
365337,0.497971
372405,0.066564
372415,0.312587
372501,0.123127
372502,0.0799253
372503,0.11914
372511,0.178419
372512,0.0849671
372513,0.103476
372521,0.169972
372522,0.210437
372531,0.240864
372532,0.341099
374102,0.660781
374112,0.693401
383151,0.14754
383152,0.133918
383161,0.153174
383162,0.137871
383172,0.243739
392636,0.417489
392645,0.311562
392646,0.386158
392705,0.130918
392712,0.538155
392715,0.146856
392716,0.219046
392717,0.663186
392721,0.539151
392722,0.525522
392723,0.39105
392725,0.144859
392726,0.16673
392727,0.43524
392732,0.608986
392735,0.261947
392736,0.19575
392737,0.172579
392741,0.685656
392745,0.208763
392746,0.297393
392747,0.258103
392755,0.15407
392756,0.370725
392757,0.440414
392761,0.455574
392766,0.441402
392767,0.341847
392771,0.454621
392776,0.327889
392777,0.34197
392840,0.258454
392850,0.226556
392860,0.261893
392861,0.380985
392870,0.269478
392871,0.315942
392872,0.309221
394271,0.590185
402705,0.160723
402706,0.0803236
402707,0.352597
402727,0.354001
402737,0.263802
402747,0.387603
402757,0.433701
402800,0.252775
402801,0.223059
402802,0.254551
402811,0.451639
402812,0.416583
402821,0.495978
402822,0.503631
402840,0.429858
402843,0.0159348
402850,0.449593
402874,0.209815
404200,0.537143
404201,0.502668
404241,0.491438
404251,0.60244
404261,0.626451
412804,0.187074
412805,0.0835878
412815,0.0693858
412837,0.0668718
412847,0.223686
412857,0.325717
412867,0.397841
412940,0.223199
412950,0.268131
412972,0.580938
414231,0.686726
414240,0.6341
414241,0.65343
422901,0.53719
422902,0.512459
422911,0.291156
422912,0.423884
422913,0.535883
422921,0.476168
422922,0.396932
422923,0.565997
422931,0.534177
422932,0.377408
422933,0.458503
422934,0.474378
422937,0.118255
422942,0.412431
422943,0.447078
422944,0.376263
422945,0.377394
422947,0.156082
422954,0.477371
422955,0.367538
422965,0.455995
423030,0.236907
423040,0.12985
432951,0.598307
432962,0.646395
442914,0.651334
442935,0.746577
442944,0.706014
442956,0.536509
442957,0.530545
442966,0.547693
442967,0.575159
442977,0.554669
452907,0.427224
453023,0.468811
453024,0.499043
453033,0.506209
453034,0.544608
453035,0.544348
453043,0.485541
453044,0.583198
453045,0.614971
453046,0.36825
453047,0.50048
453051,0.652057
453052,0.607022
453053,0.518769
453054,0.488921
453056,0.42091
453057,0.367361
453067,0.250516
453077,0.450822
453160,0.4282
453170,0.498162
462917,0.488282
462927,0.500009
463006,0.243239
463007,0.445397
463012,0.63484
463013,0.255287
463016,0.275309
463035,0.550715
463045,0.542372
463046,0.556343
463054,0.129399
463055,0.553356
463056,0.471016
463057,0.3246
463061,0.448173
463062,0.430175
463063,0.0427504
463064,0.192863
463065,0.0623544
463066,0.299585
463067,0.348796
463071,0.43063
463072,0.284886
463073,0.0358233
463074,0.149833
463075,0.0958107
463076,0.249047
463077,0.225992
463100,0.394972
463110,0.441969
463120,0.456184
463160,0.516321
463170,0.423496
463171,0.238496
472935,0.375922
472945,0.393141
472946,0.28319
472956,0.576178
472957,0.489517
472966,0.559165
472967,0.543656
473000,0.722782
473001,0.403873
473002,0.244749
473003,0.100938
473004,0.209778
473006,0.0412499
473007,0.0574802
473010,0.614027
473011,0.450726
473012,0.127263
473013,0.308698
473014,0.385068
473015,0.16552
473016,0.322378
473017,0.0656295
473022,0.159701
473023,0.362599
473024,0.371799
473025,0.55469
473026,0.46629
473027,0.106388
473032,0.176935
473033,0.166259
473034,0.353617
473035,0.592658
473036,0.165342
473037,0.0670841
473041,0.496337
473042,0.368265
473043,0.395609
473044,0.350005
473045,0.20808
473046,0.23289
473047,0.0724937
473051,0.515539
473052,0.278603
473053,0.322631
473054,0.329114
473055,0.293577
473056,0.321896
473057,0.258686
473061,0.49314
473062,0.335071
473063,0.236718
473064,0.281645
473065,0.267495
473066,0.338655
473067,0.430947
473071,0.362873
473072,0.481301
473073,0.33002
473074,0.280062
473075,0.160827
473076,0.413074
473077,0.222685
473100,0.262476
473101,0.349069
473102,0.528218
473110,0.0661858
473111,0.289214
473112,0.350132
473113,0.441618
473120,0.102308
473121,0.353625
473122,0.288291
473123,0.475949
473130,0.15647
473131,0.606229
473132,0.362708
473133,0.401007
473140,0.0387175
473141,0.470203
473142,0.501679
473143,0.536522
473150,0.0465605
473151,0.320758
473152,0.401127
473153,0.464906
473160,0.123196
473161,0.442912
473162,0.262787
473163,0.214146
473170,0.204318
473171,0.424577
473172,0.190852
473173,0.155647
482865,0.463281
482866,0.0584265
482867,0.215843
482874,0.43032
482875,0.378859
482876,0.175098
482877,0.158281
482927,0.421785
482937,0.444087
482947,0.378127
482965,0.368881
482966,0.400697
482975,0.377643
482976,0.383581
482977,0.427957
483001,0.156101
483002,0.183259
483003,0.499541
483004,0.223754
483005,0.274079
483006,0.191549
483007,0.221744
483010,0.363773
483011,0.303138
483012,0.0578593
483013,0.329162
483014,0.344248
483015,0.488301
483016,0.477996
483017,0.523114
483020,0.349237
483021,0.171332
483022,0.132826
483023,0.22084
483024,0.423304
483025,0.369056
483026,0.0658351
483027,0.125412
483030,0.381689
483031,0.439295
483032,0.476454
483033,0.260936
483034,0.369938
483035,0.398991
483036,0.208659
483037,0.125301
483040,0.303892
483041,0.339165
483042,0.366189
483043,0.317442
483044,0.29618
483045,0.319541
483046,0.358661
483047,0.309911
483050,0.33671
483051,0.314039
483052,0.344533
483053,0.321969
483054,0.0679124
483055,0.33022
483056,0.281243
483057,0.304927
483060,0.311243
483061,0.268869
483062,0.328158
483063,0.258802
483064,0.00216413
483065,0.0654555
483066,0.423292
483067,0.486903
483071,0.20725
483072,0.103965
483073,0.218881
483074,0.15299
483075,0.0847458
483076,0.259879
483077,0.294384
483100,0.519211
483101,0.567381
483102,0.217326
483103,0.201314
483104,0.229936
483110,0.611494
483111,0.629329
483112,0.439475
483113,0.176125
483114,0.161499
483120,0.419862
483121,0.495853
483122,0.450347
483123,0.38428
483124,0.059455
483130,0.453007
483131,0.540563
483132,0.454406
483133,0.610646
483134,0.21707
483135,0.506587
483140,0.553
483141,0.548161
483142,0.525137
483143,0.54837
483144,0.515218
483145,0.467278
483150,0.59561
483151,0.583158
483152,0.558866
483153,0.508315
483154,0.510012
483155,0.553879
483160,0.493176
483161,0.544832
483162,0.566598
483163,0.426106
483164,0.575702
483165,0.534376
483170,0.373757
483171,0.454802
483172,0.530065
483173,0.56344
483174,0.580194
483175,0.59178
483176,0.578791
483956,0.519668
492804,0.438966
492805,0.290418
492806,0.26393
492807,0.437502
492815,0.12058
492816,0.365855
492817,0.435257
492826,0.389032
492827,0.385591
492837,0.380596
492857,0.576018
492867,0.578679
492906,0.41754
492907,0.435473
492910,0.50319
492915,0.309496
492916,0.371643
492917,0.371637
492920,0.255086
492924,0.509016
492925,0.353776
492926,0.315
492927,0.201254
492930,0.292977
492931,0.325546
492932,0.389616
492934,0.472197
492935,0.359127
492936,0.258632
492937,0.164643
492940,0.408836
492941,0.450253
492942,0.373144
492944,0.446704
492945,0.249966
492946,0.255997
492947,0.344051
492950,0.493952
492951,0.510139
492953,0.386457
492954,0.336815
492955,0.394223
492956,0.337454
492957,0.297897
492960,0.308609
492961,0.423944
492962,0.553919
492963,0.402882
492964,0.430612
492965,0.412628
492966,0.344487
492967,0.323755
492970,0.275628
492971,0.300241
492973,0.381
492974,0.389957
492975,0.353433
492976,0.254499
492977,0.218967
493001,0.24464
493002,0.287541
493003,0.349451
493004,0.180571
493005,0.0899097
493006,0.247905
493007,0.340182
493010,0.296369
493011,0.220447
493012,0.412709
493013,0.39101
493014,0.105487
493015,0.142382
493016,0.121268
493017,0.378217
493020,0.159018
493021,0.0984956
493022,0.0618227
493023,0.0396764
493024,0.0501391
493025,0.147166
493026,0.0872612
493027,0.303266
493030,0.403913
493031,0.180681
493033,0.167368
493034,0.219321
493035,0.102314
493036,0.0733955
493037,0.406623
493040,0.165962
493041,0.019746
493043,0.251003
493044,0.23642
493045,0.211682
493046,0.291286
493047,0.427725
493050,0.0921933
493051,0.0116305
493052,0.0983637
493053,0.0346588
493054,0.0952724
493055,0.241586
493056,0.432261
493057,0.558359
493060,0.18568
493061,0.0297924
493062,0.0258853
493063,0.00961262
493064,0.0784607
493065,0.214234
493066,0.455522
493067,0.453766
493070,0.219028
493071,0.128696
493072,0.0470542
493073,0.020368
493074,0.187969
493075,0.147283
493076,0.253838
493077,0.377336
493100,0.344067
493101,0.371342
493102,0.411632
493103,0.532542
493104,0.581431
493105,0.644614
493106,0.574442
493107,0.653907
493110,0.389846
493111,0.323145
493112,0.491081
493113,0.50735
493114,0.478167
493115,0.469399
493116,0.590139
493117,0.445706
493120,0.459445
493121,0.398527
493122,0.446748
493123,0.478657
493124,0.530958
493125,0.403623
493126,0.292627
493127,0.291878
493130,0.149758
493131,0.26594
493132,0.0970696
493133,0.184084
493134,0.348974
493135,0.393566
493136,0.275285
493137,0.431866
493140,0.320103
493141,0.372343
493142,0.3002
493143,0.285573
493144,0.28312
493145,0.313194
493146,0.30318
493147,0.375908
493150,0.21204
493151,0.54752
493152,0.533971
493153,0.377066
493154,0.390765
493155,0.384714
493156,0.365716
493157,0.40563
493160,0.397877
493161,0.388464
493162,0.448729
493163,0.283719
493164,0.376086
493165,0.467061
493166,0.430879
493167,0.545672
493170,0.278906
493171,0.337262
493172,0.505708
493173,0.536022
493174,0.459936
493175,0.582673
493176,0.554061
493177,0.631262
493204,0.397319
493206,0.402941
493207,0.386355
493210,0.609923
493213,0.628398
493214,0.471813
493215,0.366908
493216,0.30415
493217,0.325747
493220,0.558558
493223,0.463586
493224,0.496862
493225,0.346665
493226,0.243754
493227,0.311155
493230,0.540235
493233,0.493596
493234,0.413135
493235,0.346218
493236,0.32449
493237,0.373967
493240,0.509695
493243,0.403409
493244,0.348556
493245,0.343406
493246,0.246624
493247,0.314232
493250,0.414865
493252,0.518834
493253,0.347495
493254,0.296211
493255,0.424157
493256,0.290159
493257,0.203578
493262,0.495716
493263,0.377329
493264,0.350872
493265,0.345395
493266,0.215578
493267,0.246666
493272,0.37816
493273,0.296962
493274,0.256771
493275,0.299031
493276,0.176364
493277,0.291991
493300,0.36873
493310,0.254028
493320,0.33104
493330,0.390272
493340,0.326565
493350,0.204367
493351,0.293966
493360,0.246073
493361,0.320561
493362,0.353949
493370,0.337262
493371,0.276716
493372,0.354432
493461,0.487817
493470,0.367314
493471,0.315954
493946,0.509966
493955,0.459992
493956,0.469209
502903,0.384241
502904,0.383927
502905,0.303397
502906,0.351133
502907,0.335768
502913,0.45846
502914,0.40363
502915,0.349057
502916,0.353487
502917,0.371591
502924,0.377971
502925,0.466507
502926,0.369804
502927,0.35483
502936,0.474787
502937,0.407664
502944,0.378653
502945,0.300641
502946,0.253992
502955,0.314292
502956,0.284595
502965,0.373665
502966,0.387759
503000,0.318228
503001,0.319598
503002,0.25932
503003,0.147708
503004,0.0170869
503005,0.0279683
503006,0.103033
503007,0.379396
503010,0.128154
503011,0.199673
503012,0.424799
503013,0.418862
503014,0.0999383
503015,0.136838
503016,0.368866
503017,0.471478
503020,0.221717
503021,0.0990138
503022,0.228377
503023,0.26409
503024,0.388075
503025,0.187554
503026,0.245465
503027,0.379432
503030,0.248548
503031,0.197929
503032,0.305091
503033,0.198085
503034,0.424607
503035,0.289844
503036,0.334021
503037,0.264199
503041,0.564396
503042,0.430349
503043,0.220509
503044,0.300077
503045,0.363127
503046,0.418575
503047,0.236051
503052,0.691755
503053,0.213716
503054,0.210402
503055,0.234167
503056,0.467928
503057,0.443357
503060,0.453154
503063,0.427091
503064,0.257068
503065,0.329057
503066,0.494513
503067,0.344333
503073,0.57832
503075,0.384809
503076,0.534117
503077,0.454747
503100,0.398713
503101,0.401632
503102,0.318496
503103,0.360872
503104,0.0944868
503105,0.122295
503110,0.344774
503111,0.388688
503112,0.28316
503113,0.20941
503114,0.122024
503115,0.0760155
503120,0.355932
503121,0.210316
503122,0.0743317
503123,0.0986985
503124,0.212754
503125,0.0992268
503130,0.275991
503131,0.0626963
503132,0.0674263
503133,0.0506579
503134,0.277995
503135,0.167358
503140,0.112528
503143,0.0899279
503144,0.121749
503145,0.13503
503150,0.296627
503157,0.424015
503160,0.40774
503167,0.367828
503170,0.366269
503171,0.457092
503172,0.365114
503173,0.5151
503174,0.524202
503175,0.40135
503176,0.537999
503177,0.300986
503200,0.317333
503201,0.327507
503202,0.448995
503203,0.200684
503204,0.275592
503205,0.213168
503206,0.29452
503207,0.319524
503210,0.343171
503211,0.35941
503212,0.303391
503213,0.104573
503214,0.242902
503215,0.354342
503216,0.396349
503217,0.466458
503222,0.283966
503223,0.297323
503224,0.299081
503225,0.319515
503226,0.341555
503227,0.467979
503233,0.362955
503234,0.34312
503235,0.279488
503236,0.314703
503237,0.262994
503241,0.363059
503243,0.50082
503244,0.249422
503245,0.297135
503246,0.315779
503247,0.302188
503250,0.527449
503251,0.288934
503252,0.280861
503255,0.104656
503256,0.20172
503257,0.27312
503260,0.354994
503261,0.392067
503262,0.317551
503263,0.34658
503264,0.290836
503265,0.107352
503266,0.24357
503267,0.449103
503270,0.239145
503271,0.313139
503272,0.338667
503273,0.372156
503274,0.138862
503275,0.129916
503276,0.276198
503277,0.304214
503300,0.299494
503301,0.287759
503302,0.339862
503303,0.258992
503310,0.42092
503311,0.373694
503312,0.323152
503313,0.323746
503314,0.324593
503317,0.333006
503320,0.382395
503321,0.357063
503322,0.390877
503323,0.362813
503324,0.346769
503325,0.100422
503326,0.278352
503327,0.28185
503330,0.376785
503331,0.38931
503332,0.276197
503333,0.297455
503334,0.296929
503335,0.258568
503336,0.290751
503337,0.379701
503340,0.452245
503341,0.546268
503342,0.516937
503343,0.447288
503344,0.237016
503345,0.346297
503346,0.401595
503347,0.511401
503350,0.447961
503351,0.489134
503352,0.615422
503353,0.492804
503354,0.477355
503355,0.38418
503356,0.452057
503357,0.472094
503360,0.0981636
503361,0.193224
503362,0.305128
503363,0.352212
503364,0.448471
503365,0.397451
503366,0.358396
503367,0.441819
503370,0.189388
503371,0.19593
503372,0.300684
503373,0.185645
503374,0.267287
503375,0.355347
503376,0.342992
503377,0.434863
503400,0.304951
503401,0.15755
503410,0.32565
503411,0.308442
503412,0.399993
503420,0.346328
503421,0.427765
503422,0.434194
503430,0.608865
503431,0.42829
503432,0.41547
503433,0.462366
503440,0.511955
503441,0.361088
503442,0.432
503443,0.360237
503444,0.446866
503450,0.533674
503451,0.490898
503452,0.527088
503453,0.388394
503454,0.403932
503455,0.485026
503460,0.562338
503461,0.529654
503462,0.488469
503463,0.356686
503464,0.420387
503465,0.390857
503466,0.730642
503470,0.351049
503471,0.316501
503472,0.375829
503473,0.334506
503474,0.308359
503475,0.115586
503514,0.246733
503515,0.272947
503516,0.43641
503523,0.379475
503524,0.2018
503525,0.203426
503526,0.287395
503527,0.303897
503532,0.421809
503533,0.334972
503534,0.446278
503535,0.356668
503536,0.28602
503537,0.33439
503542,0.374747
503543,0.354139
503544,0.433023
503545,0.493134
503546,0.331549
503547,0.466466
503551,0.392215
503552,0.308239
503553,0.282374
503554,0.355097
503555,0.443467
503556,0.476722
503557,0.398851
503560,0.350514
503561,0.356588
503562,0.309126
503563,0.357712
503564,0.408353
503565,0.338261
503566,0.458084
503567,0.336785
503570,0.352036
503571,0.342359
503572,0.371073
503573,0.190662
503574,0.303228
503575,0.528682
503576,0.595619
503577,0.389785
503640,0.433332
503650,0.304569
503660,0.2676
503661,0.4981
503670,0.434945
503671,0.394706
503672,0.536057
503964,0.45372
503965,0.455133
512911,0.359039
512912,0.279846
512921,0.17948
512922,0.289469
512931,0.183908
512932,0.209079
512933,0.345032
512941,0.362964
512942,0.142536
512943,0.269074
512952,0.149344
512953,0.139634
512962,0.159841
512963,0.113249
512972,0.208319
512973,0.118762
513006,0.636052
513007,0.323604
513016,0.331805
513017,0.324126
513027,0.275637
513036,0.406688
513037,0.317659
513046,0.29567
513047,0.33031
513057,0.382074
513100,0.360588
513101,0.356309
513102,0.338388
513103,0.311898
513104,0.332033
513105,0.26499
513106,0.353659
513107,0.295865
513110,0.332674
513111,0.342678
513112,0.346725
513113,0.302642
513114,0.223275
513115,0.211834
513116,0.289893
513117,0.290922
513120,0.325245
513121,0.329608
513122,0.364472
513123,0.201746
513124,0.213033
513125,0.223192
513126,0.284014
513127,0.219591
513130,0.247876
513131,0.258712
513132,0.281725
513133,0.0912753
513134,0.187747
513135,0.200249
513136,0.22849
513137,0.181578
513140,0.282941
513141,0.339637
513142,0.301719
513143,0.259742
513144,0.254345
513145,0.25769
513146,0.223671
513147,0.275257
513150,0.353617
513151,0.469131
513152,0.488312
513153,0.339318
513154,0.306792
513155,0.286655
513156,0.259838
513157,0.229226
513162,0.102468
513163,0.329847
513164,0.192836
513165,0.275889
513166,0.313849
513167,0.227281
513174,0.206077
513175,0.294145
513176,0.374598
513177,0.288944
513200,0.300191
513201,0.340455
513202,0.29043
513203,0.490709
513204,0.357698
513205,0.196389
513206,0.279032
513207,0.268265
513210,0.257203
513211,0.328537
513212,0.28414
513213,0.354292
513214,0.370931
513215,0.359394
513216,0.262499
513217,0.263563
513220,0.151868
513221,0.31321
513222,0.328841
513223,0.365949
513224,0.428827
513225,0.394
513226,0.259159
513227,0.267725
513230,0.223909
513231,0.476791
513232,0.435885
513233,0.496608
513234,0.417226
513235,0.446052
513236,0.374945
513237,0.340227
513240,0.316469
513241,0.354376
513242,0.413242
513243,0.504063
513244,0.41542
513245,0.406895
513246,0.379075
513247,0.343741
513250,0.419523
513251,0.466601
513252,0.449007
513253,0.451755
513254,0.427386
513255,0.411985
513256,0.322621
513257,0.35322
513260,0.367959
513261,0.566154
513262,0.465194
513263,0.40263
513264,0.418194
513265,0.373023
513266,0.364585
513267,0.354139
513270,0.247278
513271,0.539625
513272,0.44058
513273,0.397875
513274,0.429451
513275,0.393114
513276,0.386303
513277,0.364419
513300,0.177047
513302,0.384846
513304,0.324084
513305,0.301986
513306,0.303373
513307,0.367448
513310,0.299034
513311,0.325585
513312,0.260625
513313,0.366394
513314,0.330703
513315,0.175412
513316,0.353084
513317,0.277531
513320,0.291424
513321,0.301374
513322,0.379475
513324,0.424868
513325,0.256297
513326,0.227945
513327,0.297697
513330,0.316447
513331,0.319548
513332,0.355371
513333,0.252291
513334,0.455783
513335,0.352803
513336,0.121754
513337,0.256719
513340,0.343057
513341,0.263556
513342,0.3477
513343,0.332071
513344,0.476603
513345,0.370633
513346,0.498427
513347,0.345164
513350,0.315657
513351,0.346211
513352,0.361496
513353,0.311605
513354,0.424659
513355,0.308003
513356,0.515017
513357,0.51323
513360,0.330387
513361,0.341972
513362,0.317485
513363,0.33899
513364,0.379502
513365,0.275557
513366,0.288318
513367,0.346589
513370,0.3351
513371,0.34519
513372,0.351123
513373,0.373132
513374,0.388198
513375,0.394506
513376,0.174321
513377,0.132609
513400,0.379344
513401,0.336297
513402,0.310692
513403,0.289932
513404,0.351971
513405,0.0511595
513410,0.264452
513411,0.279886
513412,0.243301
513413,0.195992
513414,0.208397
513415,0.286121
513416,0.425796
513420,0.302186
513421,0.308153
513422,0.412674
513423,0.372234
513424,0.282171
513425,0.345336
513426,0.262015
513427,0.17376
513430,0.119527
513431,0.273295
513432,0.356714
513433,0.378921
513434,0.322774
513435,0.2733
513436,0.215554
513437,0.257401
513440,0.376158
513441,0.41506
513442,0.476442
513445,0.27379
513446,0.291139
513447,0.269454
513450,0.539734
513451,0.439225
513452,0.401925
513456,0.228358
513457,0.282185
513460,0.452392
513461,0.413306
513462,0.425637
513466,0.297529
513467,0.331429
513470,0.268151
513471,0.350432
513473,0.196613
513474,0.258617
513477,0.266843
513500,0.257432
513501,0.223319
513502,0.293722
513503,0.25891
513504,0.563206
513505,0.607463
513506,0.498147
513507,0.509079
513510,0.237715
513511,0.204879
513512,0.343724
513513,0.347656
513514,0.493835
513515,0.627612
513516,0.496491
513517,0.469118
513520,0.286703
513521,0.229308
513522,0.286638
513523,0.318092
513524,0.366434
513525,0.458823
513526,0.360846
513527,0.452572
513530,0.36055
513531,0.302618
513532,0.228365
513533,0.168122
513534,0.231164
513535,0.269499
513536,0.155899
513537,0.489648
513541,0.309706
513542,0.236101
513543,0.279449
513544,0.250703
513545,0.182932
513546,0.0793884
513547,0.376929
513552,0.144433
513553,0.212634
513554,0.246683
513555,0.127747
513556,0.0741664
513557,0.109609
513560,0.362235
513562,0.0543126
513563,0.154567
513564,0.108154
513565,0.237676
513566,0.0581535
513567,0.25997
513570,0.312679
513571,0.325272
513573,0.161848
513574,0.0522936
513575,0.301314
513576,0.115651
513577,0.344946
513600,0.568743
513601,0.266466
513602,0.53403
513610,0.216513
513611,0.434767
513612,0.538073
513620,0.52879
513621,0.199668
513622,0.401294
513623,0.452512
513624,0.551865
513626,0.255614
513630,0.558345
513631,0.398423
513632,0.325209
513633,0.243666
513634,0.268614
513635,0.472244
513636,0.35033
513637,0.300311
513640,0.561071
513641,0.435104
513642,0.369051
513643,0.331837
513644,0.26388
513645,0.445628
513646,0.35025
513647,0.41672
513650,0.309339
513651,0.40236
513652,0.378191
513653,0.311369
513654,0.278744
513655,0.311363
513656,0.328204
513657,0.465128
513660,0.330216
513661,0.346298
513662,0.388901
513663,0.243557
513664,0.0528045
513665,0.0928438
513666,0.383735
513667,0.458215
513670,0.316011
513671,0.224853
513672,0.348444
513673,0.183408
513674,0.0642913
513675,0.0406791
513760,0.282829
513770,0.102348
513771,0.227928
513772,0.0757075
513773,0.0315802
513775,0.133658
513776,0.228049
513777,0.13103
513870,0.15187
513871,0.18531
513876,0.374629
513877,0.401051
513903,0.534813
513904,0.562855
513913,0.412615
513914,0.503534
513920,0.634517
513921,0.6861
513931,0.629217
513932,0.492989
513941,0.53139
513942,0.553357
513952,0.649281
513962,0.694341
522903,0.183323
523104,0.340706
523105,0.390166
523106,0.392658
523107,0.289828
523111,0.116995
523116,0.399868
523117,0.355321
523127,0.398681
523200,0.211638
523201,0.437996
523202,0.423535
523203,0.380512
523204,0.444812
523205,0.423506
523206,0.400938
523207,0.35184
523210,0.296248
523211,0.2752
523212,0.394541
523213,0.355507
523214,0.456841
523215,0.443565
523216,0.428147
523217,0.386368
523220,0.401312
523221,0.327799
523222,0.247703
523223,0.258136
523224,0.283512
523225,0.38717
523226,0.449476
523227,0.415414
523230,0.482157
523231,0.372356
523232,0.282872
523233,0.25051
523234,0.249929
523235,0.352164
523236,0.491323
523237,0.479996
523241,0.551451
523242,0.373088
523243,0.327963
523244,0.289935
523245,0.30757
523246,0.41058
523247,0.405785
523252,0.362781
523253,0.354618
523254,0.348348
523255,0.317196
523256,0.280577
523257,0.364481
523263,0.3817
523264,0.341323
523265,0.312475
523266,0.354461
523267,0.378333
523274,0.354592
523275,0.318642
523276,0.386629
523277,0.351838
523300,0.366278
523301,0.399927
523302,0.370695
523303,0.353381
523304,0.344433
523305,0.347692
523306,0.305536
523307,0.384365
523310,0.413168
523311,0.449142
523312,0.385909
523313,0.332456
523314,0.335121
523315,0.310482
523316,0.351137
523317,0.435998
523320,0.408467
523321,0.467972
523322,0.397236
523323,0.376085
523324,0.336389
523325,0.337633
523326,0.371389
523327,0.387995
523330,0.451681
523331,0.477357
523332,0.452915
523333,0.405062
523334,0.334523
523335,0.364402
523336,0.386723
523337,0.349438
523340,0.514077
523341,0.511312
523342,0.511025
523343,0.469121
523344,0.439454
523345,0.457418
523346,0.400394
523347,0.309519
523350,0.356523
523351,0.326593
523352,0.38057
523353,0.50687
523354,0.525191
523355,0.531392
523356,0.472698
523357,0.384252
523360,0.330475
523361,0.326208
523362,0.350591
523363,0.417327
523364,0.561433
523365,0.552243
523366,0.508123
523367,0.47234
523370,0.299238
523371,0.299767
523372,0.333188
523373,0.346526
523374,0.488402
523375,0.489277
523376,0.515145
523377,0.504133
523400,0.315516
523401,0.336707
523402,0.267956
523403,0.469802
523404,0.290528
523406,0.0605128
523407,0.116062
523410,0.375531
523411,0.291862
523412,0.190323
523413,0.336584
523414,0.298849
523415,0.294446
523416,0.301088
523417,0.255606
523420,0.358887
523421,0.27497
523422,0.279998
523423,0.258313
523424,0.314524
523425,0.328199
523426,0.321601
523427,0.247348
523430,0.382716
523431,0.324513
523432,0.310064
523433,0.276226
523434,0.322518
523435,0.297159
523436,0.282162
523437,0.305109
523440,0.321517
523441,0.371882
523442,0.33008
523443,0.301761
523444,0.321449
523445,0.23044
523446,0.289941
523447,0.341251
523450,0.325283
523451,0.433118
523452,0.470397
523453,0.324994
523454,0.309232
523455,0.324844
523456,0.318946
523457,0.307778
523460,0.48704
523461,0.485287
523462,0.490729
523463,0.52273
523464,0.37134
523465,0.222981
523466,0.263719
523467,0.233449
523470,0.484324
523471,0.355899
523472,0.366818
523473,0.478311
523474,0.347932
523475,0.229068
523476,0.311458
523477,0.29844
523500,0.317217
523501,0.196936
523502,0.232125
523503,0.224805
523504,0.226593
523505,0.333658
523506,0.327868
523507,0.343562
523510,0.321797
523511,0.260641
523512,0.250288
523513,0.248722
523514,0.250692
523515,0.324551
523516,0.415483
523517,0.325581
523520,0.309125
523521,0.301161
523522,0.297174
523523,0.323675
523524,0.329955
523525,0.312949
523526,0.321505
523527,0.376166
523530,0.289923
523531,0.298329
523532,0.273443
523533,0.327013
523534,0.273762
523535,0.381518
523536,0.38846
523537,0.375191
523540,0.244511
523541,0.264552
523542,0.262617
523543,0.251349
523544,0.305069
523545,0.239438
523546,0.320505
523547,0.23645
523550,0.308687
523551,0.269575
523552,0.244337
523553,0.294997
523554,0.236547
523555,0.13166
523556,0.225476
523557,0.346338
523560,0.307061
523561,0.287547
523562,0.261503
523563,0.307194
523564,0.165772
523565,0.163833
523566,0.261785
523567,0.380081
523570,0.320337
523571,0.329507
523572,0.294184
523573,0.24827
523574,0.23887
523575,0.292908
523576,0.380359
523577,0.415688
523600,0.258234
523601,0.0787248
523602,0.346677
523603,0.124689
523604,0.112272
523606,0.261861
523607,0.204155
523610,0.288911
523611,0.147719
523612,0.281595
523613,0.068776
523614,0.0432489
523616,0.199424
523617,0.195505
523620,0.361417
523621,0.23438
523622,0.366851
523623,0.118603
523624,0.0472977
523625,0.0955018
523626,0.192709
523627,0.165353
523630,0.320905
523631,0.293709
523632,0.409212
523633,0.321319
523634,0.0642005
523635,0.303782
523636,0.0916469
523637,0.0873999
523640,0.32597
523641,0.260053
523642,0.334929
523643,0.503558
523644,0.202616
523645,0.325016
523646,0.177004
523647,0.185855
523650,0.18678
523651,0.128359
523652,0.326467
523653,0.417101
523654,0.304065
523655,0.236799
523656,0.0606331
523657,0.369259
523660,0.213295
523661,0.130372
523662,0.284152
523663,0.453457
523664,0.334831
523665,0.1185
523666,0.0174105
523667,0.144941
523670,0.229602
523671,0.173158
523672,0.356604
523673,0.410671
523674,0.228314
523675,0.10448
523676,0.0138017
523677,0.0816853
523700,0.41627
523701,0.268289
523702,0.096837
523703,0.0408595
523704,0.281367
523705,0.165302
523706,0.118739
523707,0.102886
523710,0.138146
523711,0.339392
523712,0.171878
523713,0.153719
523714,0.248179
523715,0.108481
523716,0.11485
523717,0.0785784
523720,0.0639165
523721,0.128902
523722,0.32455
523723,0.147541
523724,0.247517
523725,0.251364
523726,0.312595
523727,0.318303
523730,0.0109863
523731,0.169
523732,0.319003
523733,0.239174
523734,0.34223
523735,0.362052
523736,0.612572
523737,0.536618
523740,0.0472731
523741,0.241596
523742,0.318981
523743,0.343681
523744,0.386794
523745,0.338694
523746,0.584097
523747,0.485675
523750,0.269993
523751,0.256463
523752,0.324047
523753,0.424746
523754,0.369751
523755,0.409761
523756,0.535233
523757,0.571682
523760,0.330328
523761,0.240252
523762,0.343533
523763,0.404259
523764,0.358298
523765,0.307261
523766,0.361688
523767,0.496336
523770,0.344174
523771,0.292196
523772,0.341683
523773,0.366327
523774,0.376775
523775,0.260285
523776,0.245642
523777,0.306521
523800,0.182947
523801,0.145951
523802,0.243915
523805,0.448593
523806,0.356233
523807,0.378491
523810,0.144283
523811,0.202038
523812,0.204808
523815,0.275426
523816,0.397966
523817,0.551431
523820,0.444508
523821,0.340532
523822,0.0869109
523826,0.436239
523827,0.595101
523830,0.489624
523831,0.344937
523832,0.304176
523833,0.272185
523834,0.325404
523836,0.445124
523837,0.432036
523840,0.533301
523841,0.451608
523842,0.411699
523843,0.101367
523844,0.0635005
523846,0.289496
523847,0.220809
523850,0.406522
523851,0.42134
523852,0.50099
523853,0.371193
523854,0.178528
523855,0.225296
523856,0.104258
523857,0.162775
523860,0.438757
523861,0.478604
523862,0.350219
523863,0.480423
523864,0.301409
523865,0.0989012
523866,0.497827
523867,0.388896
523870,0.553079
523871,0.49579
523872,0.540276
523873,0.56076
523874,0.315252
523875,0.416308
523876,0.499066
523877,0.296594
523900,0.364527
523902,0.576834
523903,0.603352
523910,0.426929
523912,0.428055
523913,0.509672
523920,0.482244
523921,0.491092
523926,0.387006
523927,0.415116
523930,0.445362
523931,0.343184
523936,0.398486
523937,0.356958
523940,0.458887
523941,0.417494
523946,0.264539
523947,0.301065
523950,0.49392
523951,0.146025
523954,0.335215
523955,0.275845
523956,0.338348
523957,0.350474
523960,0.602563
523961,0.182942
523964,0.37159
523965,0.381173
523966,0.286974
523967,0.330836
523970,0.467991
523971,0.146719
523972,0.350905
523973,0.386039
523974,0.553543
523975,0.553302
523976,0.165406
523977,0.329149
524040,0.367077
524050,0.303547
524051,0.403108
524052,0.387924
524060,0.409257
524061,0.394579
524062,0.341687
524063,0.350136
524070,0.330806
524071,0.353422
524072,0.25124
524073,0.227466
533205,0.140758
533206,0.242946
533207,0.387085
533215,0.337739
533216,0.311159
533217,0.391074
533226,0.383318
533227,0.423104
533300,0.356479
533301,0.34586
533302,0.302746
533303,0.253023
533304,0.587588
533305,0.348921
533306,0.335682
533307,0.491287
533310,0.429412
533311,0.341711
533312,0.291368
533313,0.0628015
533314,0.328098
533315,0.124413
533316,0.0831482
533317,0.304073
533320,0.337434
533321,0.438222
533322,0.285855
533323,0.0643061
533324,0.155736
533325,0.0542228
533326,0.0994447
533327,0.26302
533330,0.395837
533331,0.426589
533370,0.528683
533400,0.418674
533401,0.274166
533402,0.312915
533403,0.385321
533404,0.431287
533405,0.315659
533406,0.366223
533407,0.287753
533410,0.238485
533411,0.188709
533412,0.264989
533413,0.317497
533414,0.342256
533415,0.279609
533416,0.335698
533417,0.281114
533420,0.140689
533421,0.301823
533422,0.357467
533423,0.283141
533424,0.274161
533425,0.295486
533426,0.34591
533427,0.241542
533432,0.342401
533433,0.266801
533434,0.253022
533435,0.244567
533436,0.356195
533437,0.37121
533444,0.211687
533445,0.256042
533446,0.352365
533447,0.289556
533500,0.279907
533501,0.320424
533502,0.260237
533503,0.199968
533504,0.142069
533505,0.23929
533506,0.426232
533507,0.339906
533510,0.242543
533511,0.239679
533512,0.317286
533513,0.192277
533514,0.230074
533515,0.213382
533516,0.235655
533517,0.388196
533520,0.241975
533521,0.299228
533522,0.274215
533523,0.265921
533524,0.313334
533525,0.224052
533526,0.330774
533527,0.404526
533530,0.295208
533531,0.235021
533532,0.342607
533533,0.430324
533536,0.48744
533537,0.388026
533540,0.330314
533541,0.252669
533542,0.386072
533547,0.320838
533551,0.363769
533552,0.504973
533567,0.495667
533577,0.49872
533600,0.283518
533601,0.165089
533602,0.24161
533603,0.33603
533604,0.160086
533605,0.0757221
533606,0.161321
533607,0.284527
533610,0.433045
533611,0.310233
533612,0.255026
533613,0.245365
533614,0.23401
533615,0.14409
533616,0.351756
533617,0.31119
533620,0.430998
533621,0.375166
533622,0.389167
533623,0.220424
533624,0.335186
533625,0.345459
533626,0.322208
533627,0.327675
533630,0.333835
533631,0.341307
533632,0.504217
533633,0.466722
533634,0.260101
533635,0.351097
533636,0.220825
533637,0.232857
533640,0.367396
533641,0.27479
533642,0.477925
533643,0.634616
533644,0.58931
533645,0.533725
533646,0.224699
533647,0.254766
533650,0.267362
533651,0.260454
533652,0.3004
533653,0.473166
533654,0.395506
533655,0.503444
533656,0.264465
533657,0.259035
533660,0.376788
533661,0.204921
533662,0.247341
533663,0.359621
533664,0.319175
533665,0.366515
533666,0.334115
533667,0.332965
533670,0.318849
533671,0.0615725
533672,0.208693
533673,0.241209
533674,0.239408
533675,0.413586
533676,0.474459
533677,0.514639
533700,0.354175
533701,0.346177
533702,0.340136
533703,0.355301
533704,0.545195
533705,0.309982
533706,0.293759
533707,0.221807
533710,0.317934
533711,0.338511
533712,0.334259
533713,0.349144
533714,0.521517
533715,0.358391
533716,0.317538
533717,0.276792
533720,0.257159
533721,0.255881
533722,0.325462
533723,0.382539
533724,0.481066
533725,0.455759
533726,0.342898
533727,0.379597
533730,0.239242
533731,0.298345
533732,0.255483
533733,0.415099
533734,0.523753
533735,0.561363
533736,0.488397
533737,0.367007
533740,0.221013
533741,0.252852
533742,0.276376
533743,0.495542
533744,0.610786
533745,0.58688
533746,0.433332
533747,0.30996
533750,0.250754
533751,0.277672
533752,0.398087
533753,0.505391
533754,0.587383
533755,0.530308
533756,0.487498
533757,0.319789
533760,0.371962
533761,0.303665
533762,0.334436
533763,0.433301
533764,0.507256
533765,0.297019
533766,0.56184
533767,0.208957
533770,0.528069
533771,0.35979
533772,0.363229
533773,0.52119
533774,0.460342
533775,0.441391
533776,0.534624
533777,0.362361
533800,0.437425
533801,0.60277
533802,0.626839
533803,0.504415
533804,0.501061
533805,0.498897
533806,0.579912
533807,0.452717
533810,0.522367
533812,0.603901
533813,0.471744
533814,0.533707
533815,0.506174
533816,0.466645
533817,0.604063
533820,0.550336
533822,0.581807
533823,0.429165
533824,0.388555
533825,0.544267
533826,0.49897
533827,0.469318
533830,0.519985
533831,0.417529
533832,0.576237
533833,0.218569
533834,0.101437
533835,0.260389
533836,0.358708
533837,0.391437
533840,0.360652
533841,0.419314
533842,0.339827
533843,0.316546
533844,0.371826
533845,0.145353
533846,0.419586
533847,0.4527
533850,0.358414
533851,0.520486
533852,0.428012
533853,0.290179
533854,0.490911
533855,0.464379
533856,0.444171
533857,0.496872
533860,0.307054
533861,0.402398
533862,0.288598
533863,0.314704
533864,0.438441
533865,0.453187
533866,0.539604
533867,0.563748
533870,0.264683
533871,0.241313
533872,0.485571
533873,0.458299
533874,0.443165
533875,0.491248
533876,0.461426
533877,0.389731
533900,0.37247
533901,0.293377
533902,0.174123
533903,0.137546
533904,0.416894
533905,0.475517
533906,0.111414
533907,0.242941
533910,0.465711
533911,0.435038
533912,0.299127
533913,0.15918
533914,0.268348
533915,0.378865
533916,0.0259355
533917,0.146673
533920,0.50624
533921,0.443374
533922,0.366691
533923,0.297084
533924,0.302375
533925,0.373322
533926,0.171044
533930,0.441052
533931,0.457285
533932,0.45062
533933,0.443433
533934,0.386203
533935,0.295552
533936,0.0862926
533937,0.388955
533940,0.436242
533941,0.322824
533942,0.406819
533943,0.226128
533944,0.133847
533945,0.392682
533946,0.343963
533947,0.239953
533950,0.436136
533951,0.460366
533952,0.323819
533953,0.279206
533954,0.123636
533955,0.202953
533956,0.158543
533957,0.130115
533960,0.488322
533961,0.343074
533962,0.272723
533963,0.175146
533964,0.0591456
533965,0.0718272
533966,0.0397397
533967,0.13627
533970,0.436551
533971,0.365772
533972,0.255292
533973,0.0908934
533974,0.0775373
533975,0.0520948
533976,0.074057
533977,0.182052
534000,0.237741
534001,0.324569
534002,0.219535
534003,0.139594
534010,0.218671
534011,0.328101
534012,0.104091
534013,0.0343335
534020,0.179035
534021,0.203635
534022,0.0880975
534023,0.0264088
534024,0.0635686
534030,0.278144
534031,0.123836
534032,0.068076
534033,0.0312744
534034,0.0308113
534040,0.138091
534041,0.139892
534042,0.0498968
534043,0.0528491
534044,0.0255834
534045,0.0362918
534046,0.193467
534050,0.0995782
534051,0.16424
534052,0.160335
534053,0.0816278
534054,0.0320823
534055,0.120176
534056,0.179867
534060,0.176512
534061,0.053663
534062,0.0636064
534063,0.0894253
534064,0.150528
534065,0.22226
534066,0.0811825
534070,0.0892504
534071,0.0749042
534072,0.0754791
534073,0.177971
534074,0.172304
534075,0.206027
543207,0.409966
543217,0.411085
543300,0.341808
543301,0.517466
543310,0.381748
543311,0.43746
543312,0.385958
543321,0.26157
543322,0.335105
543323,0.430051
543331,0.333799
543332,0.42195
543333,0.521046
543341,0.473221
543342,0.548882
543507,0.451632
543600,0.322274
543601,0.151691
543602,0.207769
543603,0.279144
543604,0.362228
543605,0.476262
543606,0.455203
543607,0.553685
543610,0.330049
543611,0.115699
543612,0.173942
543613,0.227134
543614,0.456493
543615,0.510873
543616,0.259987
543617,0.500014
543620,0.21238
543621,0.121002
543622,0.196337
543623,0.132918
543624,0.441609
543625,0.508208
543626,0.520018
543627,0.412834
543630,0.371065
543631,0.339199
543632,0.309115
543633,0.230622
543634,0.310833
543635,0.515362
543636,0.643924
543637,0.570607
543642,0.205741
543643,0.185441
543644,0.276719
543645,0.432029
543646,0.608279
543647,0.54577
543653,0.0274369
543654,0.148347
543655,0.46333
543656,0.498804
543657,0.529344
543663,0.0145404
543664,0.0166149
543665,0.416279
543666,0.325334
543667,0.153679
543674,0.14395
543675,0.261458
543676,0.309247
543677,0.0279292
543700,0.583342
543701,0.445249
543702,0.299145
543703,0.3727
543704,0.58938
543705,0.435813
543706,0.498537
543707,0.232859
543710,0.576451
543711,0.341874
543712,0.32076
543713,0.485719
543714,0.576003
543715,0.460151
543716,0.274448
543717,0.196994
543720,0.571824
543721,0.43779
543722,0.442818
543723,0.483152
543724,0.523711
543725,0.385268
543726,0.337537
543727,0.0835974
543730,0.479166
543731,0.538169
543732,0.537167
543733,0.624023
543734,0.501957
543736,0.315288
543737,0.209516
543740,0.577381
543741,0.573605
543742,0.577901
543743,0.573644
543746,0.313638
543747,0.354926
543750,0.530061
543751,0.539038
543752,0.56651
543753,0.645151
543756,0.348228
543757,0.438592
543760,0.38784
543761,0.368424
543762,0.526897
543763,0.503245
543766,0.457357
543767,0.254378
543770,0.265193
543771,0.0811124
543772,0.196488
543773,0.537298
543774,0.491014
543776,0.47754
543777,0.220422
543800,0.37761
543801,0.295215
543802,0.424346
543803,0.454474
543804,0.529824
543805,0.445031
543806,0.490484
543807,0.352804
543810,0.303366
543811,0.473033
543812,0.571831
543813,0.361773
543814,0.416768
543815,0.239784
543816,0.199843
543817,0.378601
543820,0.389259
543821,0.35318
543822,0.368789
543823,0.258516
543824,0.399367
543825,0.191836
543826,0.209845
543827,0.143912
543830,0.258709
543831,0.277229
543832,0.274926
543833,0.155848
543834,0.391422
543835,0.242488
543836,0.183214
543837,0.243878
543840,0.287138
543841,0.315324
543842,0.23778
543843,0.370607
543844,0.557552
543845,0.171745
543846,0.284325
543847,0.145468
543850,0.321809
543851,0.376412
543852,0.357646
543853,0.448516
543854,0.444794
543855,0.180883
543856,0.280764
543857,0.216568
543860,0.332633
543861,0.307467
543862,0.453212
543863,0.522062
543864,0.326922
543865,0.366814
543866,0.337138
543867,0.313076
543870,0.292161
543871,0.308942
543872,0.321525
543873,0.454887
543874,0.472046
543875,0.325343
543876,0.322177
543877,0.358878
543900,0.38908
543901,0.380395
543902,0.308116
543903,0.0995535
543904,0.0301515
543905,0.0200443
543906,0.0897789
543907,0.10217
543910,0.40448
543911,0.277439
543912,0.199296
543913,0.0483947
543914,0.00302204
543915,0.0501696
543916,0.0584352
543917,0.0429168
543920,0.168918
543921,0.0795358
543922,0.0552573
543923,0.0573239
543924,0.0682279
543925,0.227175
543926,0.0413637
543927,0.043538
543930,0.134887
543931,0.113265
543932,0.0358051
543933,0.0606273
543934,0.101374
543935,0.149675
543936,0.0798521
543937,0.0613197
543940,0.0290325
543941,0.0158401
543942,0.128675
543943,0.336806
543944,0.324515
543945,0.234238
543946,0.0742297
543947,0.0730157
543950,0.0776512
543951,0.128941
543952,0.298712
543953,0.289739
543954,0.357741
543955,0.236162
543956,0.10859
543957,0.119731
543960,0.199923
543961,0.36907
543962,0.302773
543963,0.161512
543964,0.311154
543965,0.234879
543966,0.166752
543967,0.183746
543970,0.179397
543971,0.281103
543972,0.158155
543973,0.291901
543974,0.25493
543975,0.259832
543976,0.232735
543977,0.132735
544000,0.0458991
544001,0.144343
544002,0.292636
544003,0.189122
544004,0.231392
544005,0.0970422
544010,0.0273901
544011,0.0493919
544012,0.142595
544013,0.15873
544014,0.12192
544020,0.106908
544021,0.0764628
544022,0.0207812
544023,0.021481
544024,0.035712
544030,0.0441873
544031,0.0985056
544032,0.0209858
544033,0.0646319
544034,0.146344
544040,0.145025
544041,0.158503
544042,0.0677105
544043,0.0632295
544044,0.072429
544045,0.156626
544050,0.1411
544051,0.350283
544052,0.231992
544053,0.0460925
544054,0.0723032
544055,0.556385
544060,0.16852
544061,0.359847
544062,0.308863
544063,0.127684
544064,0.118717
544065,0.382989
544070,0.187748
544071,0.38761
544072,0.330267
544073,0.333442
544074,0.343653
544075,0.260812
553605,0.220353
553606,0.330974
553607,0.110672
553615,0.273843
553616,0.342832
553617,0.325113
553625,0.291213
553626,0.262408
553627,0.30764
553635,0.356907
553636,0.287968
553637,0.289609
553645,0.329213
553646,0.317623
553647,0.277637
553655,0.324113
553656,0.295172
553657,0.336987
553665,0.32757
553666,0.266728
553667,0.321646
553675,0.446858
553676,0.349283
553677,0.304429
553700,0.101694
553701,0.088641
553702,0.0350709
553703,0.410376
553704,0.48012
553706,0.589111
553707,0.429992
553710,0.287562
553711,0.0716743
553712,0.0212523
553713,0.211928
553714,0.530577
553716,0.546547
553717,0.553322
553720,0.329385
553723,0.0821047
553724,0.341377
553725,0.519072
553726,0.542952
553727,0.552869
553730,0.344627
553733,0.0237698
553734,0.221616
553735,0.438914
553736,0.331947
553737,0.523138
553740,0.330041
553745,0.16064
553746,0.297448
553747,0.293365
553750,0.327396
553757,0.319008
553760,0.312674
553770,0.339516
553771,0.332572
553772,0.33882
553800,0.403205
553801,0.397962
553802,0.205151
553803,0.425648
553804,0.408128
553805,0.401041
553806,0.389561
553807,0.337894
553810,0.627594
553811,0.44722
553812,0.315433
553813,0.442109
553814,0.629843
553815,0.346964
553816,0.481191
553817,0.410415
553820,0.467234
553821,0.462158
553822,0.33643
553823,0.384777
553824,0.553295
553825,0.420175
553826,0.581725
553827,0.698787
553830,0.502411
553831,0.430964
553832,0.388964
553833,0.452958
553834,0.432263
553835,0.461464
553836,0.471056
553837,0.583227
553840,0.29317
553841,0.234824
553842,0.194792
553843,0.340481
553844,0.454638
553845,0.367859
553846,0.339597
553847,0.490627
553850,0.327737
553851,0.276135
553852,0.0659493
553853,0.21709
553854,0.33908
553855,0.341452
553856,0.354422
553857,0.361855
553860,0.359957
553861,0.272947
553862,0.089614
553863,0.291425
553864,0.342
553865,0.326362
553866,0.358799
553867,0.331735
553872,0.132742
553873,0.302922
553874,0.286652
553875,0.320608
553876,0.364594
553877,0.356513
553900,0.318781
553901,0.311866
553902,0.314218
553903,0.562679
553904,0.425524
553905,0.236429
553906,0.238251
553907,0.110511
553910,0.437809
553911,0.260244
553912,0.331076
553913,0.503339
553914,0.515344
553915,0.347439
553916,0.302457
553917,0.20789
553920,0.506372
553921,0.188773
553922,0.116391
553923,0.336037
553924,0.519388
553925,0.325918
553926,0.41594
553927,0.160528
553931,0.308696
553932,0.179659
553933,0.19804
553934,0.492935
553935,0.428211
553936,0.469512
553937,0.367851
553940,0.620585
553941,0.58268
553942,0.419737
553943,0.48876
553944,0.482613
553945,0.301916
553946,0.452664
553947,0.353792
553950,0.611619
553951,0.623594
553952,0.599162
553953,0.476899
553954,0.569102
553955,0.548603
553956,0.513649
553957,0.524493
553960,0.25711
553961,0.557718
553962,0.611165
553963,0.606138
553964,0.562401
553965,0.553947
553966,0.450407
553967,0.431555
553970,0.236686
553971,0.504886
553972,0.725474
553973,0.56795
553974,0.595426
553975,0.61231
553976,0.46602
553977,0.490118
554000,0.242047
554001,0.367766
554002,0.379329
554003,0.33979
554004,0.354165
554005,0.182599
554010,0.183932
554011,0.339002
554012,0.316852
554013,0.366821
554014,0.361566
554015,0.228535
554016,0.343125
554020,0.083307
554021,0.337616
554022,0.394839
554023,0.391651
554024,0.508693
554025,0.434483
554026,0.379476
554030,0.263349
554031,0.345328
554032,0.554794
554033,0.403297
554034,0.49428
554035,0.499192
554036,0.361468
554037,0.352013
554040,0.348349
554041,0.367038
554042,0.352967
554043,0.332078
554044,0.397763
554045,0.477941
554046,0.330105
554047,0.301732
554050,0.40189
554051,0.34853
554052,0.252238
554053,0.296431
554054,0.342545
554055,0.422654
554056,0.313499
554057,0.321039
554060,0.439071
554061,0.399369
554062,0.182428
554063,0.273761
554064,0.364433
554065,0.364988
554066,0.278273
554067,0.261782
554070,0.526881
554071,0.402416
554072,0.129448
554073,0.244504
554074,0.344433
554075,0.380301
554076,0.36274
554077,0.324281
554150,0.357235
554160,0.363469
554170,0.248946
563605,0.544602
563606,0.43607
563607,0.357921
563617,0.412346
563700,0.332114
563701,0.282269
563702,0.335435
563710,0.36414
563711,0.320152
563712,0.334382
563721,0.458594
563722,0.393873
563803,0.310417
563804,0.169011
563805,0.251065
563806,0.151891
563807,0.293407
563814,0.210494
563815,0.284367
563816,0.103033
563817,0.205114
563825,0.313808
563826,0.148524
563827,0.178911
563835,0.274576
563836,0.161815
563837,0.0387253
563846,0.24738
563847,0.00902931
563851,0.425248
563852,0.392968
563856,0.207003
563857,0.00761956
563861,0.416375
563862,0.357242
563863,0.352428
563866,0.0790394
563867,0.0335861
563871,0.406358
563872,0.282872
563873,0.271638
563874,0.229523
563900,0.335226
563901,0.541089
563902,0.711661
563903,0.698713
563904,0.65764
563905,0.54192
563906,0.347444
563907,0.39897
563910,0.280377
563911,0.248518
563912,0.738226
563913,0.690727
563914,0.656797
563915,0.456218
563916,0.2434
563917,0.287757
563920,0.345272
563921,0.356815
563922,0.662963
563923,0.599636
563924,0.565646
563925,0.356795
563926,0.187931
563927,0.189497
563930,0.256208
563931,0.322221
563932,0.565042
563933,0.392278
563934,0.305786
563935,0.388122
563936,0.289354
563937,0.228556
563940,0.094595
563941,0.154345
563942,0.277384
563943,0.327476
563944,0.319303
563945,0.511072
563946,0.40662
563947,0.470495
563950,0.0298329
563951,0.0690281
563952,0.283583
563953,0.47559
563954,0.580484
563955,0.672654
563956,0.555993
563957,0.586075
563960,0.0474994
563961,0.0331588
563962,0.0701432
563963,0.392798
563965,0.213239
563966,0.481632
563967,0.3793
563970,0.266832
563971,0.0772933
563972,0.0242733
563973,0.274404
563974,0.566123
563975,0.571583
563976,0.523665
563977,0.348543
564000,0.456004
564001,0.512312
564002,0.079198
564003,0.266378
564004,0.286951
564005,0.382924
564006,0.352137
564007,0.298516
564010,0.350157
564011,0.503367
564012,0.201521
564013,0.222239
564014,0.273815
564015,0.36152
564016,0.381947
564017,0.304324
564020,0.379801
564021,0.388655
564022,0.33323
564023,0.222606
564024,0.286681
564025,0.445793
564026,0.53976
564027,0.354221
564030,0.602404
564031,0.49886
564032,0.57041
564033,0.283671
564034,0.27915
564035,0.439999
564036,0.592383
564037,0.335155
564040,0.636889
564041,0.520688
564042,0.477533
564043,0.280079
564044,0.296025
564045,0.328705
564046,0.502543
564047,0.318121
564050,0.456693
564051,0.402127
564052,0.400547
564053,0.189116
564054,0.281094
564055,0.332052
564056,0.490913
564057,0.248854
564060,0.368074
564061,0.282813
564062,0.392478
564063,0.398294
564064,0.212645
564065,0.364195
564066,0.360867
564067,0.211
564070,0.22838
564071,0.234815
564072,0.362346
564073,0.36404
564074,0.341828
564075,0.343631
564076,0.238667
564077,0.142307
564100,0.233649
564110,0.237899
564120,0.238939
564130,0.170383
564140,0.200073
564150,0.239803
573801,0.387762
573802,0.246483
573803,0.24212
573804,0.309038
573811,0.389016
573812,0.236017
573813,0.231953
573814,0.45957
573822,0.318016
573823,0.253395
573824,0.0993605
573833,0.248521
573834,0.28412
573843,0.482197
573901,0.0897195
573902,0.0437228
573903,0.264203
573904,0.398161
573905,0.386835
573906,0.470745
573907,0.336308
573912,0.0931762
573913,0.106602
573914,0.384928
573915,0.578843
573916,0.432337
573917,0.362553
573923,0.147509
573924,0.241461
573925,0.520467
573926,0.42733
573927,0.330013
573933,0.21649
573934,0.312098
573935,0.47792
573936,0.649593
573937,0.517837
573943,0.181698
573944,0.385889
573945,0.461761
573947,0.459971
573951,0.636004
573952,0.685441
573953,0.210448
573954,0.26507
573955,0.400054
573956,0.461273
573957,0.419917
573964,0.287028
573965,0.353851
573966,0.483443
573967,0.519863
573974,0.40805
573975,0.274449
573976,0.301996
573977,0.42785
574000,0.140564
574001,0.23147
574002,0.390032
574003,0.44165
574004,0.355008
574005,0.30765
574006,0.212095
574007,0.0827429
574010,0.285121
574011,0.360168
574012,0.347732
574013,0.464071
574014,0.390985
574015,0.324016
574016,0.27511
574017,0.0567166
574020,0.402755
574021,0.368292
574022,0.26464
574023,0.433882
574024,0.378047
574025,0.376497
574026,0.344439
574027,0.0636136
574030,0.458305
574031,0.360731
574032,0.106281
574033,0.390553
574034,0.393164
574035,0.340143
574036,0.354325
574037,0.135472
574040,0.419109
574041,0.306622
574042,0.0733868
574043,0.284526
574044,0.426638
574045,0.417845
574046,0.295738
574047,0.322124
574050,0.467192
574051,0.328539
574052,0.152033
574053,0.302358
574054,0.4337
574055,0.355943
574056,0.332684
574057,0.212477
574060,0.489121
574061,0.521068
574062,0.356604
574063,0.319022
574064,0.442042
574065,0.377581
574066,0.183539
574067,0.0745956
574070,0.429987
574071,0.498859
574072,0.354568
574073,0.224587
574074,0.472841
574075,0.330189
574076,0.216073
574077,0.1034
574120,0.0900528
574123,0.471136
574124,0.451823
574130,0.239286
574131,0.530041
574133,0.489953
574134,0.512802
574140,0.378919
574141,0.368433
574142,0.393177
574143,0.417189
574144,0.526931
574150,0.165276
574151,0.109363
574152,0.214506
574153,0.348822
574154,0.548833
574160,0.0792529
574161,0.0847418
574162,0.234939
574163,0.429621
574164,0.365729
574170,0.048704
574171,0.0401832
574172,0.305513
574173,0.341123
574174,0.360187
583904,0.553402
583905,0.33552
583906,0.0952
583907,0.151455
583915,0.39057
583916,0.0283242
583917,0.0449084
583926,0.0865993
583927,0.0946226
583936,0.0488549
583937,0.122795
583946,0.061435
583947,0.229386
583956,0.508066
583957,0.530066
583964,0.627451
583967,0.258486
583977,0.230414
584000,0.56447
584001,0.417188
584002,0.336073
584003,0.461324
584004,0.482919
584005,0.480272
584006,0.337433
584007,0.225459
584010,0.481325
584011,0.384132
584012,0.203356
584013,0.484397
584014,0.458323
584015,0.474836
584016,0.451467
584017,0.199083
584020,0.42292
584021,0.418359
584022,0.233403
584023,0.423901
584024,0.18886
584025,0.170554
584026,0.373391
584027,0.367351
584030,0.472714
584031,0.395736
584032,0.490873
584033,0.434967
584034,0.32869
584035,0.211649
584036,0.389793
584037,0.381603
584040,0.519208
584041,0.266969
584042,0.480127
584043,0.425606
584044,0.471456
584045,0.444813
584046,0.330568
584047,0.388576
584050,0.522747
584051,0.522299
584052,0.388504
584053,0.295492
584054,0.399657
584055,0.439785
584056,0.31539
584057,0.393359
584060,0.560641
584061,0.423806
584062,0.368599
584063,0.0906695
584064,0.246439
584065,0.389034
584066,0.368189
584067,0.199115
584070,0.364618
584071,0.456776
584072,0.338832
584073,0.10327
584074,0.200867
584075,0.395909
584076,0.501903
584077,0.333411
584100,0.137469
584101,0.0404252
584102,0.218673
584103,0.366274
584104,0.328655
584110,0.0856009
584111,0.0747812
584112,0.358358
584113,0.351126
584114,0.166427
584115,0.293132
584120,0.326708
584121,0.242784
584122,0.282629
584123,0.371537
584124,0.196785
584125,0.30639
584130,0.302642
584131,0.25169
584132,0.339973
584133,0.329924
584134,0.38375
584135,0.204092
584140,0.179117
584141,0.156652
584142,0.351724
584143,0.386805
584144,0.358951
584145,0.295911
584146,0.406928
584150,0.0355112
584151,0.200012
584152,0.439694
584153,0.424265
584154,0.385607
584155,0.359894
584156,0.412508
584157,0.548686
584160,0.0877416
584161,0.120334
584162,0.2559
584163,0.374396
584164,0.443684
584165,0.474476
584166,0.461541
584167,0.432728
584170,0.0718592
584171,0.26757
584172,0.349981
584173,0.369094
584174,0.298831
584175,0.196421
584176,0.368502
584177,0.508723
593907,0.161785
593965,0.579235
593966,0.523202
593967,0.186617
593975,0.582836
593976,0.378071
593977,0.16802
594000,0.190349
594001,0.486884
594002,0.348722
594003,0.210744
594004,0.0872816
594005,0.4594
594006,0.369702
594007,0.247123
594010,0.376705
594011,0.336102
594012,0.312649
594013,0.241093
594014,0.0289702
594015,0.366924
594016,0.438491
594017,0.512446
594020,0.430617
594021,0.361662
594022,0.320935
594023,0.308674
594024,0.0859371
594025,0.346012
594026,0.385861
594027,0.482637
594030,0.414401
594031,0.328543
594032,0.381302
594033,0.410954
594034,0.244545
594035,0.448697
594036,0.324861
594037,0.372364
594040,0.396485
594041,0.302511
594042,0.39717
594043,0.520553
594044,0.480569
594045,0.514616
594046,0.405664
594047,0.165664
594050,0.201333
594051,0.46137
594052,0.491431
594053,0.378623
594054,0.486816
594055,0.569354
594056,0.475506
594057,0.390549
594060,0.213448
594061,0.518269
594062,0.503191
594063,0.515205
594064,0.413037
594065,0.393855
594067,0.502134
594070,0.143764
594071,0.367444
594072,0.556503
594073,0.47337
594074,0.305762
594075,0.175763
594076,0.275477
594077,0.525365
594100,0.0266842
594101,0.11616
594102,0.401103
594103,0.411184
594104,0.298338
594105,0.354085
594106,0.391545
594107,0.466057
594110,0.174362
594111,0.0971811
594112,0.355589
594113,0.422667
594114,0.406586
594115,0.346467
594116,0.283909
594117,0.468775
594120,0.2874
594121,0.182606
594122,0.355567
594123,0.479719
594124,0.448215
594125,0.30195
594126,0.455576
594127,0.473444
594130,0.262274
594131,0.187068
594132,0.336125
594133,0.369212
594134,0.336438
594135,0.340317
594136,0.359634
594137,0.411389
594140,0.13438
594141,0.299761
594142,0.29605
594143,0.506067
594144,0.448969
594145,0.274796
594146,0.400035
594147,0.44928
594150,0.259906
594151,0.358242
594152,0.448165
594153,0.36565
594154,0.396522
594155,0.304594
594156,0.319209
594157,0.396691
594160,0.345496
594161,0.121956
594162,0.466449
594163,0.470786
594164,0.48072
594165,0.399749
594166,0.430419
594167,0.420472
594170,0.0753943
594171,0.139753
594172,0.416151
594173,0.47878
594174,0.472397
594175,0.504858
594176,0.34988
594177,0.4791
594200,0.577108
594210,0.545789
594220,0.58551
594230,0.54807
594240,0.603298
594250,0.546125
603905,0.639967
603907,0.0936991
603917,0.143253
603927,0.265999
603947,0.51963
603957,0.558031
603966,0.509371
603967,0.53093
603976,0.540722
603977,0.570518
604000,0.0993406
604001,0.448854
604002,0.4577
604003,0.447587
604004,0.544034
604005,0.437732
604006,0.464561
604007,0.418643
604010,0.106009
604011,0.499477
604012,0.35321
604013,0.390157
604014,0.501643
604015,0.419818
604016,0.44973
604017,0.42061
604020,0.135893
604021,0.263764
604022,0.330528
604023,0.425231
604024,0.276662
604025,0.38516
604026,0.342691
604027,0.537568
604030,0.142602
604031,0.434577
604032,0.446075
604033,0.328935
604034,0.29538
604035,0.417921
604036,0.289877
604037,0.530989
604040,0.447621
604041,0.582553
604042,0.528513
604043,0.439621
604044,0.407041
604045,0.491108
604046,0.545088
604047,0.535817
604050,0.485071
604051,0.503883
604052,0.506838
604053,0.293746
604054,0.481944
604055,0.530986
604056,0.482607
604057,0.502287
604060,0.413458
604061,0.48947
604062,0.433436
604063,0.29594
604064,0.168772
604065,0.420208
604066,0.391505
604067,0.414433
604070,0.509333
604071,0.456104
604072,0.47303
604073,0.0616398
604074,0.0356294
604075,0.34951
604076,0.433369
604077,0.395489
604100,0.413786
604101,0.354871
604102,0.416743
604103,0.471943
604104,0.516572
604105,0.45614
604106,0.459476
604107,0.474325
604110,0.416523
604111,0.412602
604112,0.474855
604113,0.440732
604114,0.516
604115,0.378644
604116,0.4305
604117,0.552687
604120,0.476766
604121,0.402635
604122,0.406324
604123,0.417317
604124,0.538489
604125,0.405964
604126,0.417718
604130,0.393506
604131,0.367587
604132,0.36414
604133,0.400772
604134,0.45695
604135,0.423831
604136,0.372055
604140,0.439175
604141,0.335812
604142,0.304459
604143,0.263434
604144,0.3879
604145,0.352102
604146,0.289407
604150,0.418365
604151,0.339932
604152,0.308571
604153,0.283805
604154,0.344146
604155,0.235796
604160,0.365311
604161,0.248087
604162,0.185202
604163,0.225064
604164,0.314864
604170,0.337992
604171,0.0503718
604172,0.103335
604173,0.0899846
613907,0.517151
614000,0.498634
614001,0.464685
614002,0.397864
614003,0.0403121
614004,0.0470348
614005,0.355167
614006,0.469619
614007,0.374795
614010,0.513198
614011,0.472933
614012,0.131902
614013,0.0295575
614014,0.325182
614015,0.2911
614016,0.370684
614017,0.437435
614022,0.13968
614023,0.0798363
614024,0.467495
614025,0.254555
614026,0.379254
614027,0.380713
614032,0.311543
614033,0.208423
614034,0.353661
614035,0.171017
614036,0.452529
614037,0.363711
614042,0.4187
614043,0.409865
614044,0.467995
614045,0.326957
614046,0.517541
614047,0.478038
614051,0.526147
614052,0.55575
614053,0.504592
614054,0.484789
614055,0.53608
614056,0.526128
614057,0.397599
614062,0.471321
614063,0.41884
614064,0.479564
614065,0.478254
614066,0.538179
614067,0.420128
614072,0.491919
614076,0.52927
614077,0.477326
614100,0.362152
614101,0.073043
614102,0.307703
614103,0.144352
614110,0.447065
614111,0.149957
614112,0.331865
614113,0.266398
614120,0.449401
614121,0.317845
614122,0.351997
614123,0.489912
614130,0.309778
614131,0.408601
614132,0.451088
614133,0.550203
614141,0.290462
614142,0.439711
614143,0.60127
614151,0.238367
614152,0.474553
614153,0.563469
614160,0.450855
614161,0.371427
614162,0.532945
614163,0.673192
614170,0.48925
614171,0.381313
614172,0.42769
614173,0.649281
623927,0.360726
623937,0.253175
624001,0.319375
624006,0.514048
624007,0.472543
624010,0.360432
624011,0.185363
624012,0.337413
624016,0.530523
624017,0.513541
624020,0.266985
624021,0.259396
624022,0.317053
624023,0.452445
624027,0.440339
624030,0.176091
624031,0.0903206
624032,0.373193
624033,0.224769
624040,0.271705
624041,0.436688
624042,0.399682
624043,0.477193
624044,0.378518
624047,0.508048
624050,0.504913
624051,0.438981
624052,0.194467
624053,0.348064
624054,0.368531
624055,0.060469
624056,0.314917
624057,0.467313
624060,0.520951
624061,0.328181
624062,0.361088
624063,0.230773
624064,0.456695
624065,0.121561
624066,0.464231
624067,0.251034
624070,0.500808
624071,0.434634
624072,0.443029
624073,0.344616
624074,0.444546
624075,0.505643
624076,0.466053
624077,0.212253
624100,0.456481
624101,0.462114
624102,0.435011
624103,0.666942
624110,0.421494
624111,0.518528
624113,0.64232
624140,0.214353
624150,0.180735
624151,0.492247
624160,0.209705
624161,0.347422
624371,0.47139
624372,0.47978
633903,0.331087
633913,0.3001
633914,0.412313
633917,0.215
633923,0.609131
633924,0.620141
633926,0.320307
633927,0.18435
633934,0.637364
633936,0.359038
633937,0.470525
633946,0.490898
633947,0.41377
633956,0.346281
633957,0.323991
633966,0.250217
633967,0.319503
633976,0.156859
633977,0.157372
634000,0.538262
634001,0.436268
634002,0.288392
634003,0.401693
634004,0.429453
634005,0.605129
634006,0.497264
634007,0.0800323
634010,0.398958
634011,0.415923
634012,0.484162
634013,0.382112
634014,0.276303
634015,0.503614
634016,0.453338
634020,0.325151
634021,0.456988
634022,0.336684
634023,0.298075
634030,0.520279
634031,0.33624
634032,0.264721
634037,0.540512
634040,0.449537
634041,0.587977
634042,0.524675
634047,0.325224
634050,0.43504
634051,0.572865
634052,0.632284
634056,0.151361
634057,0.277555
634060,0.262881
634061,0.305916
634062,0.382619
634063,0.387387
634064,0.358023
634065,0.38192
634066,0.423437
634067,0.345515
634070,0.153757
634071,0.286337
634072,0.453628
634073,0.445786
634074,0.235009
634075,0.336556
634076,0.359029
634077,0.390719
634130,0.722056
634140,0.403253
634150,0.306274
634151,0.413043
634152,0.520464
634160,0.254493
634161,0.371394
634162,0.365563
634163,0.462018
634167,0.228792
634170,0.331343
634171,0.209238
634172,0.299982
634173,0.499895
634174,0.592467
634175,0.646425
634176,0.481362
634177,0.34498
634216,0.358879
634217,0.31719
634224,0.347286
634225,0.311042
634226,0.325553
634227,0.306559
634232,0.363797
634233,0.440789
634234,0.423261
634235,0.333807
634236,0.231547
634237,0.153573
634241,0.299577
634242,0.27029
634243,0.293648
634244,0.281408
634245,0.119346
634246,0.115125
634250,0.138736
634251,0.24012
634252,0.303888
634253,0.294415
634254,0.157189
634255,0.244518
634260,0.258196
634261,0.280779
634262,0.264581
634263,0.309313
634264,0.0507145
634267,0.136978
634270,0.473645
634271,0.282621
634272,0.267528
634273,0.311634
634274,0.170536
634275,0.131308
634277,0.142832
634300,0.465458
634301,0.402831
634302,0.41153
634310,0.273135
634311,0.0598159
634312,0.088963
634320,0.126312
634321,0.18065
634322,0.329409
634330,0.147715
634331,0.207071
634332,0.503161
634340,0.171174
634341,0.283343
634342,0.305051
634343,0.225031
634350,0.132219
634351,0.256849
634352,0.178022
634353,0.286469
634360,0.269261
634361,0.184788
634362,0.175263
634363,0.358374
634364,0.631001
634370,0.263069
634371,0.101762
634372,0.185094
634373,0.294331
634374,0.505247
634375,0.717968
643906,0.264509
643907,0.19826
644000,0.247007
644001,0.273764
644002,0.337494
644003,0.252919
644004,0.307021
644005,0.290811
644006,0.220653
644007,0.32949
644011,0.452274
644012,0.322357
644013,0.353364
644014,0.361292
644015,0.293315
644016,0.228354
644017,0.278679
644022,0.43131
644023,0.348071
644024,0.331385
644025,0.402531
644026,0.302693
644027,0.39054
644033,0.428194
644034,0.271242
644035,0.384458
644036,0.249687
644037,0.216722
644043,0.244098
644044,0.242758
644045,0.293966
644046,0.329815
644047,0.281159
644053,0.203745
644054,0.105669
644055,0.249099
644056,0.303827
644057,0.208892
644062,0.226607
644063,0.200736
644064,0.168578
644065,0.184463
644066,0.178565
644067,0.391108
644072,0.422356
644073,0.310042
644074,0.352644
644075,0.304276
644100,0.365459
644101,0.271095
644103,0.244721
644104,0.342054
644105,0.56728
644106,0.404396
644107,0.439371
644110,0.287022
644111,0.222358
644113,0.270543
644114,0.472781
644115,0.409121
644116,0.27753
644117,0.320409
644120,0.211046
644121,0.0711328
644122,0.242155
644123,0.572442
644124,0.419593
644125,0.19549
644126,0.217568
644127,0.203663
644130,0.11014
644131,0.210483
644132,0.475267
644133,0.432025
644134,0.211869
644135,0.0618769
644136,0.0651823
644137,0.198051
644140,0.166929
644141,0.240221
644142,0.409786
644143,0.190632
644144,0.148261
644145,0.0319789
644146,0.0945547
644147,0.223458
644150,0.245926
644151,0.338288
644152,0.0959063
644153,0.0685606
644154,0.101705
644155,0.0354869
644156,0.182377
644157,0.179021
644160,0.445473
644161,0.174127
644162,0.20741
644163,0.152448
644164,0.070595
644165,0.0492816
644166,0.207057
644167,0.192039
644172,0.286002
644173,0.314801
644174,0.357835
644175,0.0983227
644176,0.0847154
644177,0.285496
644200,0.434679
644201,0.478402
644202,0.363708
644203,0.208118
644204,0.159054
644205,0.126444
644207,0.256824
644210,0.19702
644211,0.469418
644212,0.267065
644213,0.182378
644214,0.174408
644216,0.150108
644217,0.195736
644220,0.136629
644221,0.235603
644222,0.15163
644223,0.209734
644224,0.217569
644226,0.344985
644227,0.246318
644230,0.27535
644231,0.158521
644232,0.140207
644233,0.208591
644234,0.0893423
644235,0.249014
644236,0.366111
644237,0.103387
644240,0.264103
644241,0.12425
644242,0.161188
644243,0.138057
644244,0.227674
644245,0.348921
644246,0.279903
644247,0.10929
644250,0.234708
644251,0.0523637
644252,0.145211
644253,0.276041
644254,0.329085
644255,0.353242
644256,0.299847
644257,0.139851
644260,0.34222
644261,0.220709
644262,0.282647
644263,0.296748
644264,0.285389
644265,0.296134
644266,0.188235
644267,0.322487
644270,0.347254
644271,0.273182
644272,0.28279
644273,0.276045
644274,0.216733
644275,0.178297
644277,0.167094
644300,0.127855
644301,0.0504708
644302,0.17067
644303,0.34441
644304,0.343334
644305,0.262402
644310,0.0240004
644311,0.0390143
644312,0.174956
644313,0.344917
644314,0.216648
644315,0.296707
644316,0.412712
644320,0.0379491
644321,0.102832
644322,0.152841
644323,0.158924
644324,0.348697
644325,0.273533
644326,0.280009
644327,0.405159
644330,0.107655
644331,0.139556
644332,0.358851
644333,0.306139
644334,0.439955
644335,0.182834
644336,0.184388
644337,0.375047
644340,0.115014
644341,0.0729802
644342,0.32719
644343,0.353728
644344,0.353829
644345,0.179666
644346,0.110641
644347,0.294576
644350,0.0682795
644351,0.129591
644352,0.141351
644353,0.288361
644354,0.177048
644355,0.205736
644356,0.128652
644357,0.190485
644360,0.415949
644361,0.112386
644362,0.0600661
644363,0.348832
644364,0.312571
644365,0.269233
644366,0.157267
644367,0.152701
644370,0.25697
644371,0.252452
644372,0.198727
644373,0.41328
644374,0.456505
644375,0.447117
644376,0.211026
644377,0.075223
644430,0.42629
644431,0.533144
644432,0.544698
644433,0.326907
644434,0.106588
644435,0.221938
644436,0.347671
644437,0.447893
644440,0.297941
644441,0.3901
644442,0.495333
644443,0.41679
644444,0.253334
644445,0.372739
644446,0.582227
644447,0.545237
644450,0.211228
644451,0.40439
644452,0.497366
644453,0.477536
644454,0.359999
644455,0.414866
644456,0.433362
644457,0.432768
644460,0.282251
644461,0.336237
644462,0.342218
644463,0.392845
644464,0.506405
644465,0.423396
644466,0.519769
644467,0.292852
644470,0.254029
644471,0.42003
644472,0.348594
644473,0.454607
644474,0.45837
644475,0.414573
644476,0.472737
644477,0.374858
644530,0.503462
644540,0.57527
644541,0.627521
644550,0.417586
644551,0.539352
644552,0.602995
644553,0.684
644554,0.686359
644560,0.165322
644561,0.218781
644562,0.414417
644563,0.466415
644564,0.519487
644570,0.18292
644571,0.30203
644572,0.547842
644573,0.569731
644574,0.370929
644575,0.365332
644576,0.251458
654002,0.628973
654003,0.551172
654004,0.56977
654103,0.278323
654104,0.252975
654105,0.360325
654106,0.130357
654107,0.310167
654112,0.265664
654113,0.127224
654114,0.297148
654115,0.305489
654116,0.276743
654117,0.311743
654122,0.357415
654123,0.220842
654124,0.267119
654125,0.454538
654126,0.313233
654127,0.292258
654132,0.520231
654133,0.310299
654134,0.303203
654135,0.487856
654136,0.429375
654137,0.11529
654142,0.295543
654143,0.177975
654145,0.274782
654146,0.378947
654147,0.0577625
654152,0.239851
654153,0.151527
654154,0.213259
654155,0.191236
654156,0.340834
654157,0.10744
654163,0.356693
654164,0.458532
654165,0.370315
654166,0.45648
654167,0.417588
654174,0.623059
654175,0.503464
654176,0.267512
654177,0.333643
654200,0.331238
654201,0.258943
654202,0.256296
654203,0.0681967
654204,0.36312
654206,0.14235
654207,0.143915
654210,0.272421
654211,0.304749
654212,0.373944
654213,0.079726
654214,0.473446
654215,0.356222
654216,0.19478
654217,0.0904185
654220,0.467892
654221,0.386036
654222,0.2988
654223,0.0860848
654224,0.275769
654225,0.216972
654230,0.395834
654231,0.33167
654232,0.414806
654233,0.117754
654234,0.275027
654235,0.234403
654240,0.143392
654241,0.353138
654242,0.310542
654243,0.0525058
654244,0.213164
654245,0.129506
654246,0.26024
654247,0.179926
654250,0.34212
654251,0.411222
654252,0.449875
654253,0.0752339
654254,0.26368
654255,0.124176
654256,0.37096
654257,0.256178
654260,0.459964
654261,0.429107
654262,0.269453
654263,0.136546
654264,0.294903
654265,0.478659
654266,0.427385
654267,0.229634
654270,0.491418
654271,0.488395
654272,0.525574
654273,0.529292
654274,0.484399
654275,0.425684
654276,0.234964
654277,0.441999
654300,0.0342075
654301,0.213209
654302,0.373786
654303,0.512058
654304,0.420518
654305,0.475891
654306,0.295959
654307,0.160596
654310,0.313604
654311,0.465913
654313,0.383255
654314,0.362125
654315,0.27322
654316,0.273095
654317,0.106371
654320,0.468958
654321,0.524782
654322,0.130636
654323,0.232087
654324,0.212852
654325,0.481696
654326,0.358082
654327,0.184337
654331,0.196151
654332,0.146639
654333,0.246798
654334,0.297324
654335,0.301265
654336,0.153891
654337,0.306123
654341,0.0662444
654342,0.161718
654343,0.245972
654344,0.266764
654345,0.112404
654346,0.214708
654347,0.411748
654350,0.255904
654351,0.187577
654352,0.0435621
654353,0.314832
654354,0.402008
654355,0.258269
654356,0.114656
654357,0.249132
654360,0.426096
654361,0.476037
654362,0.326809
654363,0.418064
654364,0.490489
654365,0.478541
654366,0.30254
654367,0.174709
654370,0.389111
654371,0.537153
654372,0.527572
654373,0.481275
654374,0.472552
654375,0.316077
654376,0.406686
654377,0.447454
654401,0.51115
654402,0.546141
654403,0.325247
654404,0.195348
654405,0.177338
654406,0.0853113
654407,0.0888211
654410,0.0452969
654412,0.39403
654413,0.270076
654414,0.201711
654415,0.0643612
654416,0.0343986
654417,0.0434162
654420,0.195623
654421,0.124901
654422,0.437597
654423,0.353158
654424,0.505724
654425,0.0920782
654426,0.0583609
654427,0.143261
654430,0.323466
654431,0.266875
654432,0.430356
654433,0.48825
654434,0.287713
654435,0.556046
654436,0.291132
654437,0.178306
654440,0.183043
654441,0.438917
654442,0.39964
654443,0.376629
654444,0.320636
654445,0.0878192
654446,0.461198
654447,0.375353
654450,0.142533
654451,0.0686288
654452,0.251559
654453,0.295862
654454,0.111468
654455,0.205846
654456,0.20041
654457,0.341761
654460,0.139646
654461,0.0574841
654462,0.102549
654463,0.0837724
654464,0.0311241
654465,0.0555044
654466,0.27972
654467,0.31596
654470,0.322186
654471,0.340536
654472,0.178211
654473,0.336443
654474,0.0930061
654475,0.0655788
654476,0.290073
654477,0.152661
654500,0.109681
654501,0.363768
654502,0.639879
654504,0.415773
654505,0.35529
654506,0.432459
654510,0.0982896
654511,0.286113
654512,0.550753
654520,0.138014
654521,0.353234
654522,0.601296
654530,0.19777
654531,0.384917
654532,0.69572
654540,0.157077
654541,0.502238
654550,0.316539
654560,0.4347
654570,0.47849
654571,0.487417
664105,0.461839
664106,0.290309
664107,0.233157
664115,0.386658
664116,0.133675
664117,0.151102
664125,0.454392
664126,0.24279
664127,0.162983
664135,0.334144
664136,0.281139
664137,0.222632
664145,0.300368
664146,0.330286
664147,0.161451
664153,0.540987
664155,0.288206
664156,0.318514
664157,0.0954264
664166,0.344808
664167,0.162881
664176,0.471674
664177,0.254972
664200,0.272875
664201,0.44731
664202,0.348625
664203,0.327162
664204,0.353393
664205,0.336998
664206,0.408096
664207,0.470013
664210,0.249638
664211,0.4695
664212,0.242342
664213,0.204938
664214,0.366362
664215,0.369736
664216,0.469087
664217,0.480242
664220,0.313152
664221,0.40963
664222,0.320713
664223,0.177339
664224,0.334971
664225,0.209553
664226,0.212583
664227,0.471862
664230,0.233564
664231,0.504679
664232,0.415992
664233,0.146606
664234,0.353918
664235,0.342357
664236,0.427816
664237,0.534746
664240,0.380122
664241,0.462914
664242,0.418933
664243,0.349762
664244,0.381936
664245,0.449944
664246,0.458817
664247,0.490342
664250,0.0781396
664251,0.34363
664252,0.334078
664253,0.265879
664254,0.22423
664255,0.303745
664256,0.389665
664257,0.51119
664260,0.201933
664261,0.236469
664262,0.332172
664263,0.274588
664264,0.370338
664265,0.230561
664266,0.56288
664267,0.289541
664270,0.337839
664271,0.185647
664272,0.403121
664273,0.192497
664274,0.215827
664275,0.39399
664276,0.430558
664277,0.117797
664300,0.38319
664301,0.311696
664302,0.489708
664303,0.38709
664304,0.401164
664305,0.336686
664306,0.381525
664307,0.438113
664310,0.411863
664311,0.485628
664312,0.539272
664313,0.473533
664314,0.373506
664315,0.393144
664316,0.330519
664317,0.36264
664320,0.463459
664321,0.478243
664322,0.522546
664323,0.501133
664324,0.207797
664325,0.300757
664326,0.159944
664330,0.525454
664331,0.524601
664332,0.429194
664333,0.251911
664334,0.376178
664340,0.469347
664341,0.408704
664342,0.353411
664343,0.272949
664350,0.291654
664351,0.138996
664360,0.217607
664400,0.34864
664401,0.391691
664402,0.392805
664407,0.259969
664410,0.130299
664411,0.477115
664412,0.469752
664500,0.396373
664501,0.312387
664510,0.457457
674106,0.415949
674107,0.287065
674116,0.376436
674117,0.310859
674125,0.251301
674126,0.310231
674127,0.39741
674135,0.462507
674136,0.267385
674137,0.493776
674145,0.537854
674146,0.403503
674147,0.519768
674151,0.548671
674152,0.558309
674154,0.28786
674155,0.303681
674156,0.372047
674157,0.504995
674161,0.553182
674162,0.407955
674164,0.465937
674165,0.418936
674166,0.291503
674167,0.378249
674170,0.588968
674171,0.557837
674174,0.411091
674175,0.417329
674176,0.402073
674177,0.394094
674200,0.379413
674201,0.308724
674202,0.465807
674203,0.297739
674204,0.407187
674205,0.518635
674206,0.155795
674210,0.376987
674211,0.293931
674212,0.486852
674213,0.437275
674214,0.467243
674215,0.350546
674216,0.129279
674220,0.351889
674221,0.44291
674222,0.534941
674223,0.423866
674224,0.480015
674225,0.338074
674230,0.49857
674231,0.441607
674232,0.464639
674233,0.385791
674234,0.587556
674240,0.381019
674241,0.348334
674242,0.402414
674243,0.394128
674244,0.537113
674250,0.469165
674251,0.441376
674252,0.440669
674253,0.181275
674260,0.270217
674261,0.378116
674262,0.317619
674270,0.405699
674271,0.442072
674272,0.54564
684007,0.613835
684017,0.548445
684100,0.599481
684105,0.419854
684106,0.544578
684107,0.521279
684110,0.552658
684115,0.382012
684116,0.638872
684117,0.535328
684127,0.463193
684200,0.452458
684201,0.335016
684210,0.474761
